pregunta;respuesta
He ido allí dos veces esta semana.;I've gone there twice this week.
Él me ha llamado varias veces hoy.;He's called me several times today.
Hemos llegado a una conclusión.;We've reached a conclusion.
Hemos decidido cancelar el proyecto.;We've decided to cancel the project.
No han hecho nada.;They haven't done anything.
He probado muchas diferentes profesiones.;I've tried many different professions.
Él ha perdido la voz.;He's lost his voice.
Ella no ha venido por aquí últimamente.;She hasn't come here lately.
He empezado a estudiar alemán.;I've begun to study German.
He tenido muchos problemas con él.;I've had a lot of problems with him.
¿Le has visto?;Have you seen him?
Sí, le vi hace cinco minutos.;Yes, I saw him five minutes ago.
¿Qué hacía cuando le viste?;What was he doing when you saw him?
Recuérdame que le llame.;Remind me to call him.
Me recuerdas a un antiguo amigo mío.;You remind me of an old friend of mine.
¿Has estado con él últimamente?;Have you been with him lately?
No le he visto desde Navidad.;I haven't seen him since Christmas.
¿Cómo se llama?;What's his name?
No creo que le conozcas.;I don't think you know him.
¿Qué has hecho hoy?;What have you done today?
¿Has hecho algo importante este mes?;Have you done anything important this month?
¿Cuántas películas has visto este año?;How many movies have you seen this year?
Hasta ahora ninguna.;So far none.
Veamos una.;Let's see one.
Nunca he hecho algo así.;I've never done anything like that.
Siempre hay una primera vez.;There's always a first time.
No he tenido muchas oportunidades.;I haven't had many chances.
Ahora vas a tener una.;Now you're going to have one.
Nunca he visto a una mujer como ella.;I've never seen a woman like her.
Él ha perdido mucho peso.;He's lost a lot of weight.
Él ha hecho muchas cosas por mí.;He's done a lot of things for me.
Me ha ayudado en muchas ocasiones.;He's helped me on a lot of occasions.
Siempre ha estado cerca cuando le he necesitado.;He's always been near when I've needed him.
Nunca ha pedido nada a cambio.;He's never asked for anything in return.
Siempre ha sido honesto y leal.;He's always been honest and loyal.
Siempre ha sido amable y servicial.;He's always been kind and helpful.
Me gustaría conocerle.;I'd like to meet him.
Estará aquí dentro de unos minutos.;He'll be here in a few minutes.
Debe de ser un hombre muy bondadoso.;He must be a very kind man.
Debe de tener muchos amigos.;He must have a lot of friends.
Debe de ser muy generoso.;He must be very generous.
¿Ha hecho alguna vez algo malo?;Has he ever done anything bad?
Nunca ha hecho nada malo.;He's never done anything bad.
¿Ha levantado alguna vez la voz?;Has he ever raised his voice?
Nunca ha hecho eso.;He's never done that.
¿Ha perdido alguna vez la paciencia?;Has he ever lost his patience?
Eso nunca le ha pasado.;That's never happened to him.
¿Te ha llamado alguna vez idiota?;Has he ever called you an idiot?
¿Tú qué crees?;What do you think?
Creo que debe de ser un tipo extraño.;I think he must be a strange guy.
No han llegado todavía.;They haven't arrived yet.
¿Por qué no han llegado todavía?;Why haven't they arrived yet?
Porque están todavía en camino.;Because they're still on the way.
¿Has comido ya?;Have you eaten yet?
No he comido todavía.;I haven't eaten yet.
¿Por qué no has comido todavía?;Why haven't you eaten yet?
Porque todavía estoy estudiando.;Because I'm still studying.
¿Todavía sales con ella?;Do you still go out with her?
Todavía salimos juntos.;We still go out together.
¿Le has pedido ya que se case contigo?;Have you asked her to marry you yet?
No, todavía no.;No, not yet.
¿Tienes intención de hacerlo?;Are you planning to do it?
No lo sé todavía.;I don't know yet.
¿Has conocido a sus padres?;Have you met her parents?
Sí, ya les he conocido.;Yes, I've already met them.
¿Cómo son?;What are they like?
Me recuerdan a tus padres.;They remind me of your parents.
Debe de ser buena gente.;They must be good people.
Se está haciendo tarde.;It's getting late.
¿Por qué no te has acostado aún?;Why haven't you gone to bed yet?
Todavía no tengo sueño.;I'm not sleepy yet.
¿Has puesto ya el despertador?;Have you set your alarm clock yet?
Lo pondré más tarde.;I'll set it later.
Pon la mesa.;Set / lay the table.
Alguien ha estado aquí.;Someone has been here.
Ya he comido.;I've already eaten.
¿Has comido ya?;Have you eaten yet?
Estoy aquí.;I'm here.
Llevo aquí una hora.;I've been here for an hour.
Estoy aprendiendo inglés.;I'm learning English.
Estoy aprendiendo inglés desde hace tres meses.;I've been learning English for three months.
Tengo el pelo canoso.;I have gray / grey hair.
Tengo el pelo canoso desde hace muchos años.;I've had gray hair for many years.
Le conozco.;I know him.
Le conozco desde hace un mes.;I've known him for a month.
Están intentando matarme.;They're trying to kill me.
Llevan varios años intentando matarme.;They've been trying to kill me for several years.
Lo llevo haciendo desde hace algún tiempo.;I've been doing it for some time.
Llevan aquí unos días.;They've been here for a few days.
¿Cuánto tiempo llevas aquí?;How long have you been here?
¿Llevas mucho tiempo con ella?;Have you been with her for a long time?
¿Cuánto hace que la conoces?;How long have you known her?
¿Conoces a sus padres? (de ella);Do you know her parents?
¿Cuándo los conociste?;When did you meet them?
¿Te llevas bien con ellos?;Do you get along with them?
Me llevo bien con todo el mundo.;I get along with everybody.
¿Dónde has estado?;Where have you been?
Te dije que no me gritaras.;I told you not to shout at me.
¿Por qué no lo has leído?;Why haven't you read it?
¿Tengo que darte razones para todo?;Do I have to give you reasons for everything?
Ha sido un día muy caluroso.;It's been a very hot day.
Espero que hayas tenido tiempo para pensarlo.;I hope you've had time to think about it.
Ya he comido.;I've already eaten.
Ya se han puesto en contacto con él.;They've already contacted him.
¿Por qué no has hecho nada?;Why haven't you done anything?
¿Ha recibido tu gente la orden?;Have your people received the order?
¿De qué orden estás hablando?;What order are you talking about?
Nunca me ha gustado el ajedrez.;I've never liked chess.
Han estado aquí, ¿no?;They've been here, haven't they?
¿No has tomado algunas medidas?;Haven't you taken any measures?
No han hecho nada.;They haven't done anything.
No la he visto aún.(a ella);I haven't seen her yet.
Ese problema nunca ha sido resuelto.;That problem has never been solved.
El plan no ha sido aprobado.;The plan hasn't been approved.
Él ha hecho mucho por mí.;He's done a lot for me.
Él no ha llamado, ¿verdad?;He hasn't called, has he?
¿Has pensado alguna vez en esa posibilidad?;Have you ever thought about that possibility?
Tengo problemas con ellos desde hace mucho tiempo.;I've had problems with them for a long time.
¿Les has pagado ya?;Have you paid them yet?
No les he visto siquiera.;I haven't even seen them.
Ha estado lloviendo todo el día.;It's been raining all day.
¿Lo has firmado ya?;Have you signed it yet?
No lo he firmado todavía.;I haven't signed it yet.
Tienes que firmarlo.;You have to sign it.
No me digas lo que tengo que hacer.;Don't tell me what I have to do.
Ha habido un malentendido.;There's been a misunderstanding.
Ha habido varios problemas.;There have been several problems.
Ha sido un día difícil.;It's been a tough day.
He recibido mucha presión.;I've received a lot of pressure.
He tenido que tomar decisiones.;I've had to make decisions.
He tenido que ser duro con algunas personas.;I've had to be tough with some people.
He tenido que defender mis puntos de vista.;I've had to defend my points of view.
Ha habido algunos desacuerdos.;There have been some disagreements.
He tenido que imponer mi voluntad.;I've had to impose my will.
No ha habido ningún incendio.;There hasn't been any fire.
Llevamos aquí diez días.;We've been here for 10 days.
Nadie ha muerto nunca de agujetas.;Nobody's ever died of sore muscles.
Nunca he hecho algo así.;I've never done anything like that.
El nivel del agua ha subido.;The water level has risen.
Él ha perdido la mayoría de sus amigos.;He's lost most of his friends.
El plástico se ha hecho más importante que el acero.;Plastic has become more important than steel.
Nunca ha sido fácil.;It's never been easy.
No he empezado a buscarlo aún.;I haven't started looking for it yet.
Han estado escuchándonos.;They've been listening to us.
Nunca te he prometido nada.;I've never promised you anything.
Nos lo hemos pasado bien.;We've had a good time.
Ha hecho buen tiempo.;The weather's been nice.
Ha hecho un poco de calor.;It's been a little hot.
¿Cuándo volveremos a vernos?;When will we see each other again?
Has crecido mucho desde la última vez que te vi.;You've grown a lot since the last time I saw you.
Nacieron en aquella aldea.;They were born in that village.
Se criaron allí también.;They grew up there too.
Fue descubierto hace unos años.;It was discovered a few years ago.
Le fue recordado asistir a la reunión.;He was reminded to attend the meeting.
Fue asesinado por los indios.;He was killed by the Indians.
Fue muerto por una flecha.;He was killed by an arrow.
Fue dejado morir.;He was left to die.
Fue salvado por un misionero.;He was saved by a missionary.
Fue llevado al fuerte.;He was taken to the fort.
Fue presentado al capitán.;He was introduced to the captain.
Le fue concedida una medalla.;He was given a medal.
Fue enviado a la capital.;He was sent to the capital.
Nunca ha vuelto.;He's never come back / returned.
Nunca nos ha escrito.;He's never written to us.
Creo que se ha olvidado de nosotros.;I think he's forgotten about us.
Ni siquiera nos dio las gracias.;He didn't even thank us.
No le he visto desde entonces.;I haven't seen him since then.
No he oído nada de él.;I haven't heard anything about him.
Nadie me ha dicho nada sobre él.;Nobody's told me anything about him.
Ni siquiera sé donde está.;I don't even know where he is.
Cuando lleguen aquí, te los presentaré.;When they get here, I'll introduce them to you.
Seamos más razonables.;Let's be more reasonable.
jamás he visto un contrato tan largo.;I've never seen such a long contract.
Nunca he hablado con un hombre tan terco.;I've never spoken to such a stubborn man.
Nunca he visto una película tan graciosa.;I've never seen such a funny film.
Nunca he tratado con un hombre tan astuto.;I've never dealt with such a shrewd man.
Nunca me lo he pasado tan bien.;I've never had such a good time.
Nunca he trabajado tan duro.;I've never worked so hard.
Nunca he visto a tantas mecanógrafas.;I've never seen so many typists.
Nunca he comido tanta comida.;I've never eaten so much food.
Nunca he tenido compañía tan agradable.;I've never had such pleasant company.
Nunca he hecho una cosa tan estúpida.;I've never done such a stupid thing.
Nunca he cometido tantos errores.;I've never made so many mistakes.
La obra fue tan aburrida que me fui.;The play was so boring that I left.
Era una obra tan aburrida que me fui.;It was such a boring play that I left.
Hemos llegado a una conclusión.;We've reached a conclusion.
¿A qué conclusión habéis llegado?;What conclusion have you reached?
Hemos decidido no hacer nada.;We've decided not to do anything.
¿Os ha presionado alguien?;Has anyone pressured you?
¿Habéis recibido amenazas?;Have you received any threats?
Hace años que esto no ocurría.;This hasn't happened for years.
No recuerdo la última vez que esto ocurrió.;I don't remember the last time this happened.
No sé de lo que estás hablando.;I don't know what you're talking about.
Da igual.;It doesn't matter.
Siempre he intentado ayudarles.;I've always tried to help them.
Nunca han hecho nada a cambio.;They've never done anything in return.
No les importa lo que te ocurra.;They don't care what happens to you.
Me alegro de saber eso.;I'm glad to know that.
Ese es el tipo de música que me gusta.;That's the kind of music I like.
Nunca he tenido que pegar a nadie.;I've never had to hit anyone.
¿Se ha firmado ya?;Has it been signed yet?
¿Se han visto ya?;Have they seen each other yet?
¿Se ha hecho ya?;Has it been done yet?
¿Por qué no se ha hecho?;Why hasn't it been done?
Nadie me dijo que tenía que ser hecho.;Nobody told me it had to be done.
¿Han sido despertados ya?;Have they been woken up yet?
Ella ya ha sido advertida dos veces.;She's already been warned twice.
Si algo ocurre, es culpa de ella.;If something happens, it's her fault.
No estoy dispuesto a aceptar la culpa.;I'm not willing to accept the blame.
No me culpes a mí.;Don't blame me.
No quiero que culpes a nadie.;I don't want you to blame anyone.
No es culpa de nadie.;It's nobody's fault.
No tenemos que echar la culpa a nadie.;We don't have to blame anyone.
¿Por qué hacer las cosas más difíciles de lo que ya son?;Why make things more difficult than they already are?
¿Me lo puedes resumir?;Can you summarise it for me?
Sé justo lo suficiente para apañarme.;I know just enough to get by.
Me apaño con mi inglés.;I get by with my English.
No te preocupes, saldremos del paso.;Don't worry, we'll get by.
Siempre han querido que yo lo haga.;They've always wanted me to do it.
Nunca te he pedido que mates a nadie.;I've never asked you to kill anyone.
Ni siquiera he tenido la oportunidad de despedirme todavía.;I haven't even had the chance to say goodbye yet.
No le han cogido aún.;They have caught him yet.
Nunca he pertenecido a ese club.;I've never belonged to that club.
Nunca llegarás a ser presidente.;You'll never become president.
Ni siquiera serás ministro.;You won't even be a minister.
Nunca he trabajado en un ministerio.;I've never worked in a ministry.
No se han muerto todavía.;They haven't died yet.
Siguen vivos.;They're still alive.
¿A quién pegó Juan?;Who did John hit?
Deberías tener mucho cuidado.;You should be very careful.
Deberías llamarle antes de ir.;You should call him before going.
Deberían montar su propio negocio.;They should start their own business.
Deberíamos tratar de convencerle.;We should try to convince him.
No me interesan tus convicciones.;I'm not interested in your convictions.
Que yo sepa, no ha habido problemas.;As far as I know, there haven't been any problems.
¡Qué voz más hermosa tiene ella!;What a beautiful voice she has!
¡Qué ojos más grandes tienes!;What big eyes you have!
¡Qué obra ( de teatro) más aburrida!;What a boring play!
¡Larguémonos de aquí!;Let's get out of here!
No pises las flores.;Don't step on the flowers.
No lo arrastres.;Don't drag it.
Tardé años en construirlo.;It took me years to build it.
Suelo tardar media hora.;It usually takes me half an hour.
¡Qué discurso más largo!;What a long speech!
Nunca he oído un discurso tan largo.;I've never heard such a long speech.
Fue tan largo que me dormí.;It was so long that I fell asleep.
Fue un discurso tan largo que me dormí.;It was such a long speech that I fell asleep.
No deberías estar aquí.;You shouldn't be here.
No deberías mirar a la gente de ese modo.;You should not look at people like that.
Deberías dar las gracias cuando la gente te da cosas.;You should say thank you when people give you things.
Nunca he sabido cómo convencerle.;I've never known how to convince him.
Llevo 20 años casado.;I've been married for 20 years.
Vivo aquí desde hace años.;I've been living here for years.
¿Cuánto tiempo lleva lloviendo?;How long has it been raining?
Llevo tres años intentando conseguir una;I've been trying to get an interview with him for three years.
Nunca me daré por vencido.;I'll never give up.
Ella está detrás de mí desde que vine aquí.;She's been after me since I came here.
¿Qué quiere ella?;What does she want?
No tengo ni la más remota idea.;I haven't the slightest idea.
¿No se lo has preguntado?;Haven't you asked her?
Creo que se ha enamorado de ti.;I think she's fallen in love with you.
Me temo que tengas razón.;I'm afraid you're right.
¿Qué hacemos?;What shall we do?
Es tu problema, no el mío.;It's your problem, not mine.
No tiene ningún sentido.;It doesn't make any sense.
¿Qué es lo que no tiene ningún sentido?;What doesn't make any sense?
Ella podría ser mi madre.;She could be my mother.
¿Te molesta ella mucho?;Does she bother you a lot?
Casi nunca me deja en paz.;She hardly ever leaves me alone.
Dile que no estás interesado.;Tell her you're not interested.
Ella no quiere escucharme.;She doesn't want to listen to me.
Entonces no le hagas caso.;Then ignore her.
No es tan fácil.;It's not that easy.
¿Qué quieres decir con que no es tan fácil?;What do you mean it's not that easy?
Es ella quien me paga.;She's the one who pays me.
¿Cuánto hace que ocurre esto?;How long has this been happening?
Desde que entré en la compañía.;Since I joined the company.
Supongo que no hay nada que puedas hacer al respecto.;I guess there's nothing you can do about it.
Cuando yo tenga suficiente dinero compañía., dejaré la;When I have enough money, I'll leave the company.
Esa me parece una buena idea.;That sounds like a good idea.
¿Cuándo esperas tener lo suficiente?;When do you expect to have enough?
Cuando ella me pague lo que me debe.;When she pays me what she owes me.
¿Cuánto te debe?;How much does she owe you?
Me debe dos mensualidades.;She owes me two monthly payments.
¿Cómo puedes vivir sin ese dinero?;How can you live without that money?
Me apaño.;I get by.
¿Has vendido tus cuadros?;Have you sold your paintings?
He tenido que vender algunos.;I've had to sell some.
¿Por qué no montas una galería?;Why don't you start a gallery?
Se tarda mucho en montar algo así.;It takes a long time to start something like that.
No tanto como tú crees.;Not as long as you think.
Tengo poca experiencia en cosas así.;I have little experience in things like that.
Te puedo ayudar si me dejas.;I can help you if you let me.
Incluso podríamos ser socios.;We could even be partners.
Eso parece interesante.;That sounds interesting.
Deja que lo piense esta noche.;Let me think about it tonight.
Creo que es una idea genial.;I think it's a great idea.
Puede que tengas razón.;You may be right.
Podemos por fin poseer algo.;We can finally own something.
¿Y qué hay de los problemas?;And what about the problems?
Nunca he tenido dolor de cabeza.;I've never had a headache.
Han estado aquí varias veces.;They've been here several times.
¿Por qué no lo has hecho todavía?;Why haven't you done it yet?
Llevan mucho tiempo allí.;They've been there for a long time.
Siempre he tenido miedo de los lobos.;I've always been afraid of wolves.
Ha habido una demora.;There's been a delay.
No me han dado la orden todavía.;They haven't given me the order yet.
Han sido notificados.;They've been notified.
Ya me lo han dicho.;They've already told me.
No he llegado a ninguna conclusión.;I haven't reached any conclusion.
Aquí lleva lloviendo tres semanas.;It's been raining here for three weeks.
¿No has hecho nada?;Haven't you done anything?
Hace mucho que no voy por allí.;I haven't gone there for a long time.
Hace mucho que no le veo.;I haven't seen him for a long time.
Hace años que no bailamos juntos.;We haven't danced together for years.
Debes de estar loco.;You must be crazy.
Nunca he estado tan loco como hoy.;I've never been as crazy as today.
Ha habido una explosión.;There's been an explosion.
Hasta ahora tres personas han muerto.;So far three people have died.
No hemos perdido nada aún.;We haven't lost anything yet.
¿Has hablado con él últimamente?;Have you spoken to him lately?
¿Por qué no te vienes con nosotros?;Why don't you come with us?
No ha sido reparado todavía.;It hasn't been repaired yet.
No sé si me gusta porque nunca lo he probado.;I don't know if I like it because I've never tried it.
Pruébalo, te gustará.;Try it, you'll like it.
¿A qué sabe?;What does it taste like?
¿Cómo es Juan?;What's John like?
Juan nunca me ha caído bien.;I've never liked John.
Puedes pulsar el botón que quieras.;You can push whatever button you want.
¿Se enfadarán si pulso éste?;Will they get angry if I push this one?
Escúchame cuando te hablo.;Listen to me when I speak to you.
No podemos llegar a un acuerdo.;We can't reach an agreement.
Me han dicho que tenga cuidado.;They've told me to be careful.
Nunca he tenido que usar la fuerza.;I've never had to use force.
No he tenido tiempo todavía.;I haven't had time yet.
Hemos estado fuera unos días.;We've been away for a few days.
¿Qué se ha hecho?;What's been done?
¿No sabe nadie dónde están?;Doesn't anyone know where they are?
Esta es la última vez que lo voy a hacer.;This is the last time I'm going to do it.
Se han tomado varias decisiones.;Several decisions have been made.
No ha llovido últimamente.;It hasn't rained lately.
No la he visto últimamente.;I haven't seen her lately.
No la he visto desde hace dos meses.;I haven't seen her for two months.
¿Qué ha estado haciendo ella?;What has she been doing?
No tengo ni idea.;I have no idea.
Voy a ponerme en contacto con ella.;I'm going to contact her.
Nunca podré leer todos esos libros.;I'll never be able to read all those books.
Todavía me encuentro un poco cansado.;I still feel a little tired.
¿Cómo te sentiste cuando te levantaste esta;How did you feel when you got up this morning?
Tuve ganas de volver a la cama.;I felt like going back to bed.
¿Qué te gustaría hacer?;What would you like to do?
¿Has pensado alguna vez en retirarte?;Have you ever thought about retiring?
Es lo último que quiero hacer.;It's the last thing I want to do.
¿No crees que necesitas un descanso?;Don't you think you need a rest?
Tendré tiempo más que suficiente para eso;I'll have plenty of time for that when I reach 65.
Voy a asegurar mi casa.;I'm going to insure my house.
¿Cuánto crees que vale?;How much do you think it's worth?
Vale más de lo que piensas.;It's worth more than you think.
¿Por qué la quieres asegurar?;Why do you want to insure it?
Porque está llena de cosas valiosas.;Because it's full of valuable things.
¿Cómo qué?;Like what?
Mi mujer tiene todas sus joyas allí.;My wife has all her jewels there.
Tengo unas antigüedades que valen una fortuna.;I have some antiques that are worth a fortune.
Tengo una valiosa colección de pinturas.;I have a valuable collection of paintings.
Hemos hecho muchos progresos.;We've made a lot of progress.
Hemos progresado bastante.;We've progressed quite a lot.
Ha habido bastantes problemas.;There have been quite a few problems.
Hemos tenido mucha suerte.;We've been very lucky.
Antes teníamos reuniones semanales.;We used to have weekly meetings.
El progreso se mide periódicamente.;Progress is measured periodically.
¿Con qué frecuencia habrá exámenes?;How often will there be exams?
Habrá un examen al mes.;There'll be a monthly exam.
Antes teníamos exámenes trimestrales.;We used to have quarterly exams.
De ahora en adelante habrá más.;From now on, there will be more.
¿Qué tipo de reacción esperas por parte de los alumnos?;What kind of reaction do you expect from the students?
No dirán nada.;They won't say anything.
¿Cómo puedes estar tan seguro?;How can you be so sure?
Nuestros alumnos nunca se quejan.;Our students never complain.
Jamás se han quejado de nada.;They've never complained about anything.
Siempre hemos mantenido buenas relaciones con los alumnos.;We've always maintained good relations with the students.
Tengo este dolor desde hace un mes.;I've had this pain for a month.
Tienen esa casa desde hace un año.;They've had that house for a year.
Hemos llegado a un importante acuerdo.;We've reached an important agreement.
Espero que sepas lo que estás haciendo.;I hope you know what you're doing.
No te preocupes por nosotros.;Don't worry about us.
No se encontró nada.;Nothing was found.
La casa fue registrada.;The house was searched.
Yo vivía antes en ese vecindario.;I used to live in that neighbourhood.
Ya no vivo allí.;I don't live there anymore.
¿Por qué te mudaste?;Why did you move?
Necesitábamos una casa más grande.;We needed a bigger house.
¿Qué te hizo decidir eso?;What made you decide that?
El nacimiento de nuestro tercer hijo.;The birth of our third child.
¿Fue niño o niña?;Was it a boy or a girl?
¿Cuándo nació? (ella);When was she born?
¿Cuántos años tenía cuando os mudasteis aquí?;How old was she when you moved here?
¿Le gusta a tu mujer esta casa?;Does your wife like this house?
¿Cuánto tiempo lleváis viviendo aquí?;How long have you been living here?
¿Has terminado de pagarla?;Have you finished paying for it?
¿Cuántos pagos te quedan?;How many payments do you have left?
¿Dónde has estado?;Where have you been?
He estado muy ocupado últimamente.;I've been very busy lately.
Lleva tres días lloviendo.;It's been raining for three days.
Te preocupas demasiado.;You worry too much.
No seas tan duro con ellos.;Don't be so hard on them.
Nunca he tenido suficiente dinero.;I've never had enough money.
¿Cuánto tiempo durará el juicio?;How long will the trial last?
¿Puedes ayudarme?;Can you help me?
¿Puedes echarme una mano?;Can you give me a hand?
No tienes que agradecérmelo.;You don't have to thank me.
Me gusta ayudar a la gente.;I like helping / to help people.
Él por fin ha decidido casarse.;He's finally decided to get married.
Se casaron hace unos días.;They got married a few days ago.
No he tenido tiempo.;I haven't had time.
La película terminó más tarde de lo que esperábamos.;The movie ended later than we expected.
Han tardado mucho.;It's taken them a long time.
¿Cuánto tarda él en vestirse?;How long does it take him to get dressed?
Cásate conmigo.;Marry me.
Te haré feliz.;I'll make you happy.
Quiero que me sigas.;I want you to follow me.
Nunca te he pedido que hagas semejante cosa.;I've never asked you to do such a thing.
Deberías tener más cuidado.;You should be more careful.
No deberías hacer cosas así.;You shouldn't do things like that.
¿Qué hacemos?;What shall we do?
¿Le hablo yo primero?;Shall I speak to him first?
Haz lo que quieras.;Do whatever you want.
Llevo dos días intentando verle.;I've been trying to see him for 2 days.
¿Por qué no le llamas?;Why don't you call him?
Le daré un toque.;I'll give him a ring.
Confía en mí.;Trust me.
Podrías sufrir un accidente.;You could suffer an accident.
¿Podrías abrir la maleta por favor?;Could you open the suitcase, please?
¿Tienes algo que declarar?;Do you have anything to declare?
Vigílales de cerca.;Watch them closely.
Ella no lo ha leído.;She hasn't read it.
El incendio ha empezado a extenderse.;The fire has started to spread.
Nadie le ha visto todavía.;Nobody has seen him yet.
He perdido mi fe en él.;I've lost my faith in him.
Ella siempre ha tenido miedo de mí.;She's always been afraid of me.
Agradezco tu esfuerzo.;I appreciate your effort.
Me gustaría que vinieras conmigo.;I'd like you to come with me.
Me alegro de saber eso.;I'm glad to know that.
Me alegro de que hayas venido.;I'm glad you came.
Empecemos de nuevo.;Let's start again.
No dejarán que le veas.;They won't let you see him.
¿De quién es esta cinta?;Whose tape is this?
Nunca ganarás la carrera.;You'll never win the race.
No te des por vencido.;Don't give up.
Hemos conseguido el objetivo.;We've achieved the objective.
Hemos logrado la meta.;We've accomplished the goal.
Tienes que hacer un mayor esfuerzo.;You have to make a stronger effort.
¿Qué te gustaría ser?;What would you like to be?
Mucha gente no le cree.;A lot of people don't believe him.
Yo tampoco.;Neither do I.
No estoy de acuerdo con tu versión.;I don't agree with your version.
¿Me estás llamando mentiroso?;Are you calling me a lair?
Siempre digo la verdad.;I always tell the truth.
Todo lo que digo es verdad.;Everything I say is true.
Nunca miento.;I never lie.
Nunca digo mentiras.;I never tell lies.
Siempre hago lo mejor que puedo.;I always do the best I can.
Eso no es suficiente.;That's not enough.
Estás pidiendo demasiado.;You're asking too much.
¿Qué te trae aquí?;What brings you here?
Quisiera hablar contigo un minuto.;I'd like to talk to you for a minute.
No me di cuenta de que estabas en una situación tan delicada.;I didn't realise you were in such a delicate situation.
¿Quieres decir que nadie te dijo nada?;Do you mean no one told you anything?
Me enteré de tu problema anoche.;I learned about / found out about your problem last night.
Pon la radio.;Turn on the radio.
Apágala.;Turn it off.
Sube el volumen.;Turn up the volume.
Bájalo.;Turn it down.
¿Por qué se te cayó?;Why did you drop it?
Recógelo.;Pick it up.
Devuélveselo a tu hermana.;Give it back to your sister.
No le prestes dinero.;Don't lend him any money.
Él nunca devuelve sus préstamos.;He never pays back his loans.
Voy a pedir un crédito.;I'm going to ask for a loan.
Es difícil conseguir préstamos.;It's difficult to get loans.
Tengo que encontrar un modo.;I have to find a way.
A todo el mundo le gusta porque está de moda.;Everybody likes it because it's in fashion.
¿Qué es lo que está de moda?;What's in fashion?
No dispares hasta que le veas los ojos.;Don't shoot until you see his eyes.
No tienes que agradecérmelo.;You don't have to thank me.
Lo hago porque es mi deber.;I do it because it's my duty.
Tengo mis dudas.;I have my doubts.
Le gusta hacer sentir a la gente incómoda.;He likes to make people feel uncomfortable.
No les obligues a hacer eso.;Don't make them do that.
Déjame intentar convencerle.;Let me try to convince him.
Él es muy terco.;He's very stubborn.
¿Cuándo nació el bebé?;When was the baby born?
¿Cuándo va a nacer el bebé?;When's the baby going to be born?
Cuando sea mayor, quiero ser abogado.;When I grow up, I want to be a lawyer.
Vamos a ver si están en casa.;Let's see if they're at home.
Su línea (de ellos) lleva tres horas comunicando.;Their line has been busy for three hours.
Él nunca alcanzó su potencial.;He never reached his potential.
Sigo creyendo que fue un gran hombre.;I still think he was a great man.
Esto es fácil de hacer.;This is easy to do.
Tengo algunas personas a las que llamar.;I have some people to call.
Aprovecho mi tiempo.;I take advantage of my time.
No se ha tomado una decisión.;A decision hasn't been made.
No quiero que digas nada.;I don't want you to say anything.
Hay varios casos.;There are several cases.
Hubo varios accidentes.;There were several accidents.
Habrá bastantes candidatos.;There will be quite a few candidates.
Va a haber una manifestación.;There's going to be a demonstration.
Ha habido un malentendido.;There's been a misunderstanding.
Ha habido muchas tormentas este mes.;There have been a lot of storms this month.
Puede que no estén en casa.;They may not be at home.
Puede que le conozcas.;You may know him.
Espero que lo hagan pronto.;I hope they do it soon.
Cuanto antes, mejor.;The sooner, the better.
No te rías de él.;Don't laugh at him.
Esta meta no puede conseguirse.;This goal can't be achieved.
¿Has estado alguna vez en Roma?;Have you ever been to Rome?
¿Comes alguna vez allí?;Do you ever eat there?
¿Fuiste alguna vez allí?;Did you ever go there?
Lleva varios meses cerrado.;It's been closed for several months.
Bórralo.;Erase it.
Está sonando el teléfono.;The telephone's ringing.
Lleva todo el día sonando.;It's been ringing all day.
¿Qué quieres que yo haga?;What do you want me to do?
No te dije que hicieras nada.;I didn't tell you to do anything.
¡Qué día más maravilloso!;What a wonderful day!
Tienes que pagar por mis servicios.;You have to pay for my services.
¿De qué servicios me estás hablando?;What services are you talking to me about?
El esperar es la peor parte de mi trabajo.;Waiting is the worst part of my job.
Él no puede guardar un secreto.;He can't keep a secret.
Sé convencerle.;I know how to convince him.
Sé cuidarme.;I know how to take care of myself.
Cuida a las chicas.;Take care of the girls.
Ten cuidado con esas chicas.;Be careful with those girls.
Intentarán aprovecharse de ti.;They'll try to take advantage of you.
Es hora de acostarse.;It's time to go to bed.
No deberías hacer cosas así.;You shouldn't do things like that.
Divídelo en dos partes iguales.;Divide it into two equal parts.
La tierra fue creada en seis días.;The earth was created in six days.
Tardé tres días en averiguar donde estabas.;It took me three days to find out where you were.
Yo no sabía que me buscabas.;I didn't know you were looking for me.
Mucha gente ha estado preocupada por ti.;A lot of people have been worried about you.
No les pedí que se preocuparan por mí.;I didn't ask them to worry about me.
Me duelen los pies.;My feet hurt.
Puedo verme en el espejo.;I can see myself in the mirror.
¿No has hecho nada todavía?;Haven't you done anything yet?
No te puedes fiar de él.;You can't trust him.
Pídemelo.;Ask me for it.
¿Cuánto tiempo durará la operación?;How long will the operation last?
No durará mucho.;It won't last long.
Él no sabe de lo que está hablando.;He doesn't know what he's talking about.
¿Cuánto pesas?;How much do you weigh?
He ganado mucho peso últimamente.;I've gained a lot of weight lately.
Casi siempre le veo por la noche.;I almost always see him at night.
Casi nunca consiguen sus objetivos.;They hardly ever achieve their objectives.
Suelo hacerlo días alternos.;I usually do it every other day.
Tiene que tomarse una decisión.;A decision has to be made.
Ya han sido informados.;They've already been informed.
Algo extraño va a suceder.;Something strange is going to happen.
Fue la reunión más corta a la que jamás he;It was the shortest meeting I've ever attended.
Explícamelo.;Explain it to me.
¿Vas a tomar postre?;Are you going to have dessert?
Depende de muchos factores.;It depends on a lot of factors.
El nivel de vida es muy alto en este país.;The standard of living is very high in this country.
Nunca te harás rico trabajando.;You'll never get rich by working.
Según él, todos somos idiotas.;According to him, we're all Idiots.
¿Haces todo lo que ella te dice?;Do you do everything she tells you?
No te preocupes, no dolerá.;Don't worry, it won't hurt.
¿Qué es lo que no dolerá?;What won't hurt?
Lo que te voy a hacer.;What I'm going to do to you.
¿Qué me vas a hacer?;What are you going to do to me?
Te voy a poner una inyección.;I'm going to give you an injection.
¿Para qué?;What for?
Para tu catarro.;For your cold.
No tengo catarro.;I don't have a cold.
Pero llevas dos semanas tosiendo.;But you've been coughing for two weeks.
Yo no tengo tos.;I don't have a cough.
Pero llevas una semana con fiebre.;But you've had a fever for a week.
No sé de lo que estás hablando.;I don't know what you're talking about.
¿No eres tú la persona que estuvo aquí ayer por la tarde?;Aren't you the person who was here yesterday afternoon?
Nunca he estado aquí.;I've never been here.
Te pareces a un paciente mío.;You look like a patient of mine.
Mi tío se parece a mí.;My uncle looks like me.
Debe de ser muy feo tu tío.;Your uncle must be very ugly.
¿Qué quieres decir?;What do you mean?
¿Te he ofendido?;Have I offended you?
Es un hombre guapo.;He's a handsome man.
París es una ciudad hermosa.;Paris is a beautiful city.
Es una chica guapa.;She's a pretty girl.
Ya se ha mandado.;It's already been sent.
Ya se ha decidido.;It's already been decided.
No se ha hecho aún.;It hasn't been done yet.
Todavía estamos esperando la carta.;We're still waiting for the letter.
¿No la habéis recibido todavía?;Haven't you received it yet?
¿De qué estás hablando?;What are you talking about?
Deberías tener más cuidado.;You should be more careful.
Ya no están aquí.;They're not here anymore.
¿Sigues siendo mi amigo?;Are you still my friend?
Siempre he sido tu amigo.;I've always been your friend.
A veces no lo parece.;Sometimes it doesn't seem like it.
Él parece ser el mejor candidato.;He seems to be the best candidate.
Si no la despiertas, dormirá hasta el mediodía.;If you don't wake her up, she'll sleep until noon.
No los he visto todavía.;I haven't seen them yet.
¿Se ha hecho algo?;Has anything been done?
Llevo horas intentando encontrarle.;I've been trying to find him for hours.
Hace mucho que no les veo.;I haven't seen them for a long time.
¿Cuánto tiempo llevas fuera?;How long have you been away?
¿Se te ha ocurrido alguna vez traerlo aquí?;Has it ever occurred to you to bring it here?
Esté donde esté, le encontraré.;Wherever he is, I'll find him.
¿Tengo que hacerlo?;Do I have to do it?
¿Quién tiene que hacerlo?;Who has to do it?
Antes tenían más problemas.;They used to have more problems.
Llevo aquí desde ayer.;I've been here since yesterday.
Nadie lo ha firmado aún.;Nobody's signed it yet.
Tiene que ser firmado.;It has to be signed.
¿Quién está autorizado para firmarlo?;Who's authorised to sign it?
Quien quiera que hizo esto, hizo un buen trabajo.;Whoever did this, did a good job.
Jamás he dicho semejante cosa.;I've never said such a thing.
La clase fue tan aburrida que me dormí.;The class was so boring that I fell asleep.
Fue una clase tan aburrida que me dormí.;It was such a boring class that I fell asleep.
No deberías haberte dormido.;You shouldn't have fallen asleep.
No lo pude evitar.;I couldn't help it.
Debe de haber una solución.;There must be a solution.
Puede que haya más de una persona.;There may be more than one person.
Debería haber más sillas aquí.;There should be more chairs here.
Va a haber una fiesta más tarde.;There's going to be a party later.
Habrá mucha gente cuando lleguemos allí.;There'll be a lot of people when we get there.
Podría haber un problema.;There could be a problem.
Tiene que haber un modo de hacerlo.;There has to be a way to do it.
Tiene que haber varios modos.;There have to be several ways.
Entonces ¿para qué estamos esperando?;Then what are we waiting for?
Ha habido varios casos.;There have been several cases.
Nunca ha habido una huelga como ésta.;There's never been a strike like this one.
¿Qué hace a ésta distinta?;What makes this one different?
Porque nadie la está apoyando.;Because nobody's supporting it.
Él es una persona tranquila.;He's an easy-going person.
¿Por qué estás tan callado?;Why are you so quiet?
Sólo hablo cuando me veo obligado.;I only talk when I have to.
Quiero que nos digas tu opinión.;I want you to tell us your opinion.
Creo que el proyecto va a fracasar.;I think the project is going to fail.
Nosotros opinamos lo contrario.;We think the opposite.
Estáis cometiendo un gran error.;You're making a big mistake.
¿En qué basas tu opinión?;What do you base your opinion on?
He visto el mismo error cometido miles de veces.;I've seen the same mistake made thousands of times.
¿Qué os hace creer que esta vez va a se r diferente?;What makes you think this time is going to be different?
¿Quién me va a cuidar?;Who's going to take care of me?
Ya te pondrás mejor, no te preocupes.;You'll get better, don't worry.
Es fácil para ti decir eso.;It's easy for you to say that.
Nada es fácil hoy en día.;Nothing's easy nowadays.
El cielo está empezando a despejarse.;The sky's starting to clear up.
A medida que te hagas más mayor...;As you get older...
Son más listos de lo que crees.;They're smarter than you think.
Las luces están apagadas.;The lights are off.
¿Quién las apagó?;Who turned them off?
Ya estaban apagadas cuando llegué aquí.;They were already off when I got here.
Entonces llevan al menos dos días apagadas.;Then they've been off for at least two days.
¿Se han mandado ya las cartas?;Have the letters been sent yet?
Las eché al correo anoche.;I mailed them last night.
¿Cuándo llegarán a su destino?;When will they reach their destination?
¿Quién sabe?;Who knows?
Espero que lleguen a tiempo.;I hope they arrive in time.
¿A tiempo de qué?;In time for what?
Tienen que llegar antes de la fecha tope.;They have to arrive before the deadline.
¿Dónde has estado últimamente?;Where have you been lately?
Fui operado hace un mes.;I was operated on a month ago.
¿Cómo te encuentras?;How do you feel?
Estoy mejorando.;I'm getting better.
¿Qué te pasaba?;What was the matter?
Me rompí un dedo.;I broke a finger.
Llevan tres meses casados.;They've been married for three months.
Antes había más gente aquí.;There used to be more people here.
Eso fue cuando las cosas iban mejor.;That was when things were going better.
¿Estáis perdiendo dinero?;Are you losing money?
Estamos perdiendo dinero desde hace dos años.;We've been losing money for two years.
La gente está comprando menos.;People are buying less.
Se han marchado.;They've left.
No querían quedarse aquí.;They didn't want to stay here.
¿Por qué no querían quedarse?;Why didn't they want to stay?
Dijeron que tenían muchas cosas que hacer.;They said they had a lot of things to do.
Yo me pregunto qué tendrían que hacer.;I wonder what they had to do.
Alguien está llamando a la puerta.;Someone's knocking at the door.
¿Quién será?;I wonder who it is.
A lo mejor es Juan.;Maybe it's John.
¿Le estabas esperando?;Were you expecting him?
No sé quien más podría ser.;I don't know who else it could be.
Antes tu hermano venía mucho por aquí.;Your brother used to come here a lot.
Eso era cuando nos llevábamos bien.;That was when we got along.
¿Ya no os lleváis bien?;Don't you get along anymore?
Nos odiamos.;We hate each other.
Lamento oír eso.;I'm sorry to hear that.
Así es la vida.;That's life.
No nos hablamos desde hace un año.;We haven't spoken to each other for a year.
Hablemos de otra cosa.;Let's talk about something else.
¿De qué quieres que hablemos?;What do you want us to talk about?
De cualquier cosa.;About anything.
¿Qué tal si hablamos de cine?;How about talking about movies?
No me apetece hablar.;I don't feel like talking.
¿Qué te apetece hacer?;What do you feel like doing?
Tengo ganas de escuchar música.;I feel like listening to music.
Vamonos a otra parte.;Let's go somewhere else.
Estoy buscando a otra persona.;I'm looking for someone else.
Antes veníamos aquí más a menudo.;We used to come here more often.
Nos lo hemos pasado muy bien.;We've had a great time.
Gracias por todo lo que has hecho.;Thank you for everything you've done.
¿Qué haría yo sin tu ayuda?;What would I do without your help?
Lo hice yo mismo.;I did it myself.
No lo puedo levantar, (algo pesado);I can't lift it.
Tendrás que hablar más alto.;You'll have to speak louder.
Démosle otra oportunidad.;Let's give him another chance.
Nos quedan tres horas.;We have three hours left.
¿Cuánto tiempo nos queda?;How much time do we have left?
Se han tomado muchas decisiones.;A lot of decisions have been made.
Nuestra meta no se ha logrado.;Our goal hasn't been achieved.
Él se aprovechó de la situación.;He took advantage of the situation.
No seas demasiado duro con ellos.;Don't be too hard on them.
Dime lo que tengo que hacer.;Tell me what I have to do.
Se hará en un futuro próximo.;It'll be done in the near future.
¿Qué es lo que se hará?;What will be done?
Lo que tiene que hacerse.;What has to be done.
Se ha cometido un crimen.;A crime has been committed.
Te proporcionaré un pasaporte.;I'll provide you with a passport.
No se ha levantado el embargo aún.;The embargo hasn't been lifted yet.
Ponió aquí mismo.;Put it right here.
No te disgustes.;Don't get upset.
Habrá otra guerra si no hacemos algo.;There'll be another war if we don't do something.
El mundo nunca ha tenido un siglo de paz.;The world has never had a century of peace.
Este soldado lleva dos días muerto.;This soldier has been dead for two days.
Debe de haber muerto antes de ayer.;He must have died the day before yesterday.
¿Cómo sabes que está muerto?;How do you know he's dead?
No está respirando.;He isn't breathing.
Ha muerto por una explosión.;He was killed by an explosion.
Debió de ser una explosión fuerte.;It must have been a strong explosion.
Tengo que dar de comer a mucha gente.;I have to feed a lot of people.
Mantengo a mi familia.;I support my family.
¡Ojo!;Look out! (watch out!)
No te preocupes, tendré cuidado.;Don't worry, I'll be careful.
No lo hagas si no quieres.;Don't do it if you don't want to.
Vengo aquí porque me gusta.;I come here because I like to.
Nadie te ha pedido que vengas.;Nobody's asked you to come.
Tomaré mis propias decisiones.;I'll make my own decisions.
Debería haber más escritorios.;There should be more desks.
¿Quién se llevó las cajas?;Who took (away) the boxes?
¿De qué cajas estás hablando?;What boxes are you talking about?
De las que estaban aquí esta mañana.;About the ones that were here this morning.
Están siendo pintadas.;They're being painted.
¿Quién dio la orden de que fuesen pintadas?;Who gave the order to paint them?
Yo, señor.;I did, sir.
Haz que se traigan aquí otra vez.;Have them brought back here.
Pero están en malas condiciones.;But they're in bad condition.
¡No me importa cómo estén!;I don't care how they are!
Pero ya se han pintado.;But they've already been painted.
Que se traigan aquí de todas formas.;Have them brought here anyway.
Estoy aquí desde esta mañana.;I've been here since this morning.
Se enfadará si se lo dices.;He'll get angry if you tell him.
No tengo intención de decírselo.;I don't intend to tell him.
Pero tarde o temprano se enterará.;But he'll find out sooner or later.
No estaré aquí cuando se entere.;I won't be here when he finds out.
Puede que todavía haya una solución.;There still may be a solution.
¿Qué es?;What is it?
Podríamos atracar un banco.;We could rob a bank.
Eso sería demasiado peligroso.;That would be too dangerous.
Además, alguien podría hacerse daño.;Besides, someone could get hurt.
Entonces, ¿qué sugieres que hagamos?;Then what do you suggest we do?
Sugiero que pidamos prestado el dinero.;I suggest we borrow the money.
¿Cómo vas a conseguir tanto dinero?;How are you going to get so much money?
Tiene que haber una manera.;There has to be a way.
Alguien ha estado aquí.;Someone's been here.
Lleva tres días lloviendo.;It's been raining for three days.
¿Por qué no han hecho nada todavía?;Why haven't they done anything yet?
No se les dijo que hicieran nada.;They weren't told to do anything.
La guerra se ha terminado.;The war's over.
Estoy cansado de esperarle.;I'm tired of waiting for him.
¿Cuánto suele tardar en venir?;How long does it usually take him to come?
Suele tardar aproximadamente una hora.;It usually takes him about an hour.
¿Dónde estará? (él);I wonder where he is.
Algo debe de haberle pasado.;Something must have happened to him.
Es extraño que no haya llegado.;It's strange that he hasn't arrived.
A lo mejor ha tenido un accidente.;Maybe he's had an accident.
¿Cuánto tiempo vas a esperar?;How long are you going to wait?
Unos minutos más.;A few minutes more.
Y después, ¿qué harás?;And then what will you do?
No tengo ni idea.;I have no idea.
Ha habido unos cambios recientemente.;There have been some changes recently.
¿De qué clase de cambios estás hablando?;What kind of changes are you talking about?
Te van a trasladar a mi departamento.;They're going to transfer you to my department.
¿Quieres decir que vamos a trabajar juntos?;Do you mean we're going to work together?
Así es.;That's right.
Ya era hora.;It's about time.
¿Dónde conseguiste esa información?;Where did you get that information?
Lo sé desde hace mucho tiempo.;I've known it for a long time.
¿Por qué no me dijiste nada?;Why didn't you tell me anything?
Prometí mantenerlo en secreto.;I promised to keep it a secret.
Pero podías habérmelo dicho a mí.;But you could have told me.
Pero la decisión no era definitiva.;But the decision wasn't final.
¿Lo es ahora?;Is it now?
Todo el mundo será informado mañana.;Everyone will be informed tomorrow.
¿Significará una subida salarial?;Will it mean a raise / rise?
Por supuesto que sí.;Of course it will.
¿Cuánto tiempo llevas planeando esto?;How long have you been planning this?
Ha sido idea mía desde hace mucho tiempo.;It's been an idea of mine for a long time.
¿De quién dependeré?;Who will I report to?
Serás mi brazo derecho.;You'll be my right-hand man.
Estoy decepcionado con tu progreso.;I'm disappointed with your progress.
Eres capaz de hacer mayores progresos.;You're capable of making greater progress.
No has hecho un gran esfuerzo.;You haven't made a big effort.
Has desperdiciado mucho tiempo.;You've wasted a lot of time.
Tu madre está muy disgustada.;Your mother is very upset.
Deberías haber estudiado mucho más.;You should've studied much more.
Deberías haber asistido a más clases.;You should've attended more classes.
Tengo razones para estar enfadado.;I have reasons to be angry.
¿Ahora qué voy a hacer contigo?;Now what am I going to do with you?
¿Qué va a pensar tu abuela cuando se entere?;What is your grandmother going to think when she finds out?
Casi tengo miedo de decírselo.;I'm almost afraid to tell her.
¿Sabes cuánto ha costado este curso?;Do you know how much this course has cost?
He tenido que hacer sacrificios.;I've had to make sacrifices.
La vida no es un lecho de rosas.;Life is not a bed of roses.
Tienes que luchar por todo lo que consigues.;You have to fight for everything you get.
Nunca llegarás a ninguna parte con esa actitud.;You'll never get anywhere with that attitude.
No entiendo a los jóvenes de hoy día.;I don't understand young people nowadays.
Cuando yo tenía tu edad, estábamos orgullosos de ir a la universidad.;When I was your age, we were proud to go to the university.
¿Qué os pasa?;What's the matter with you?
¿Qué vas a hacer ahora?;What are you going to do now?
¿Crees que voy a mantenerte para siempre?;Do you thing I'm going to support you forever?
Más vale que busques un trabajo.;You'd better look for a job.
Ya te hemos dado dos oportunidades.;We've already given you two chances.
No las has aprovechado.;You haven't taken advantage of them.
Deberías estar avergonzado.;You should be ashamed.
¿Qué voy a decir a mis amigos?;What am I going to tell my friends?
Creerán que tengo un hijo tonto.;They'll think I have a stupid son.
¿Quieres que piensen eso?;Do you want them to think that?
Antes eras un buen estudiante.;You used to be a good student.
Antes conseguías buenas notas.;You used to get good grades.
Ya no haces ningún esfuerzo.;You don't make an effort anymore.
¿Qué hemos hecho para merecer esto?;What have we done to deserve this?
Yo tenía grandes planes para ti.;I had big plans for you.
Te iba a conseguir un buen empleo.;I was going to get you a good job.
Te iba a asegurar tu futuro.;I was going to assure your future.
¿Qué va a pensar el Sr. Smith?;What is Mr. Smith going to think?
¿Cómo se lo voy a decir?;How am I going to tell him?
¿Sabe su hija acerca de esto?;Does his daughter know about this?
No querrá casarse con un don nadie.;She won't want to marry a nobody.
¿Le has dicho algo a ella?;Have you told her anything?
¿Qué dijo? (ella);What did she say?
Estáis los dos locos.;You're both crazy.
¿Cómo piensas mantenerla?;How are you planning to support her?
El dinero no crece en los árboles.;Money doesn't grow on trees.
Algún día te arrepentirás de esto.;Someday you'll regret this.
¿No tienes nada que decir?;Don't you have anything to say?
Di algo.;Say something.
Haz con tu vida lo que quieras.;Do with your life what you want.
No quiero saber nada.;I don't want to know anything.
En lo que a mí respecta, ya no tengo hijo.;As far as I'm concerned, I don't have a son anymore.
No hemos llegado a una conclusion aún.;We haven't reached a conclusion yet.
Se han limpiado las casas.;The houses have been cleaned.
Se han destruido los barcos.;The ships have been destroyed.
No se ha corregido el error.;The mistake hasn't been corrected.
Tus posibilidades son muy remotas.;Your chances are very slim / remote.
Los números han sido cambiados.;The numbers have been changed.
¿Es esto todo lo que has hecho?;Is this all you've done?
Acabo de empezar.;I've just started.
¿No puedes trabajar un poco más rápido?;Can't you work a little faster?
¿Quieres calidad o cantidad?;Do you want quality or quantity?
Acabamos de recibir la noticia.;We've just received the news.
Yo acababa de comer cuando él llegó.;I had just eaten when he arrived.
¿Has rellenado el impreso?;Have you filled out the form?
¿De qué impreso estás hablando?;What form are you talking about?
Del que está delante de ti.;About the one that's in front of you.
Pero esto es un impreso de solicitud.;But this is an application form.
¿Qué estoy solicitando?;What am I applying for?
Quiero que solicites un trabajo.;I want you to apply for a job.
¿Para qué?;What for?
Para que puedas mantener a tu mujer.;So that you can support your wife.
¿Para qué necesito mantenerla?;What do I need to support her for?
Para que ella pueda tener un hogar.;So that she can have a home.
¿Para qué necesita un hogar?;What does she need a home for?
Para que te pueda servir tus comidas.;So that she can serve you your meals.
Eso me parece una buena idea.;That sounds like a good idea.
Por supuesto que sí.;Of course it does.
Nunca se me había ocurrido.;It had never occurred to me.
Eres un poco extraño, ¿sabes?;You're a little strange, you know?
Tú también.;So are you.
¿Me puedes dar fuego?;Can you give me a light?
No deberías fumar tanto.;You shouldn't smoke so much.
No lo puedo evitar.;I can't help it.
Te cansas cuando subes escaleras.;You get tired when you climb stairs.
Tú también.;So do you.
A veces te cuesta trabajo respirar.;Sometimes you have trouble breathing.
Eso es mentira.;That's a lie.
Nunca miento.;I never lie.
Yo tampoco.;Neither do I.
Silencio, están dormidos.;Be quiet, they're asleep / sleeping.
No les despiertes.;Don't wake them up.
Tengo sueño.;I'm sleepy.
Se me pegaron las sábanas ayer.;I overslept yesterday.
Mírale, se está durmiendo.;Look at him, he's falling asleep.
Estoy completamente despierto.;I'm completely awake.
Yo también.;So am I.
Jamás me he dormido en clase.;I've never fallen asleep in class.
Yo tampoco.;Neither have 1.
Yo no estaba dormido.;I wasn't asleep.
Yo tampoco.;Neither was I.
Acuéstate.;Go to bed.
El ciego me llevó al quiosco.;The blind man took me to the news-stand.
Le pregunté si quería que le comprara una revista.;I asked him if he wanted me to buy him a magazine.
Él me recordó que era ciego.;He reminded me that he was blind.
Deja de molestarme.;Stop bothering me.
No entendía ni una palabra.;I didn't understand a single word.
Hablaba como si tuviera canicas en la boca.;He talked as if he had marbles in his mouth.
Le pedí que hablara más despacio.;I asked him to speak more slowly.
No me hizo caso.;He ignored me.
Me fui de la reunión.;I left the meeting.
Eres un caso perdido.;You're a lost case.
Tendremos que demostrárselo, (a ellos);We'll have to prove it to them.
¿Tienes una coartada?;Do you have an alibi?
Dirijo un servicio de formación.;I run a training service.
¿Quién es el responsable?;Who's in charge?
Fue una extraña casualidad.;It was a strange coincidence.
Puedes contar conmigo.;You can count on me.
Fue una velada encantadora.;It was a delightful evening.
La historia tuvo un final feliz.;The story had a happy ending.
¿Mataron al malo?;Did they kill the bad guy?
Él pasó el resto de su vida en la cárcel.;He spent the rest of his life in prison.
La moral ha sido gravemente dañada.;The morale has been seriously damaged.
¿Cuáles son las características de una buen gerente?;What are the traits of a good manager?
Yo qué sé.;What do I know.
Hay un rumor de que te vas.;There's a rumour that you're leaving.
¿Quién te ha contado eso?;Who told you that?
Lo oí por radio macuto.;I heard it through the grapevine.
Esta compañía apesta.;This company stinks.
Tan mala no es.;It's not that bad.
Necesito más cancha para trabajar.;I need more room to work.
¿Cómo puedes decir eso?;How can you say that?
No puedo influir en la política de la compañía.;I can't influence company policy.
Pero sólo llevas un año aquí.;But you've only been here for a year.
Además, sólo tienes 28 años.;Besides, you're only 28 years old.
¿Y qué?;So what?
Tienes que ser paciente.;You have to be patient.
La paciencia es una virtud.;Patience is a virtue.
Se me ha agotado la paciencia.;I've run out of patience.
¿Qué piensas hacer?;What are you planning to do?
Voy a dimitir.;I'm going to resign.
No aceptarán tu dimisión.;They won't accept your resignation.
No me importa.;I don't care.
¿Qué planes tienes?;What plans do you have?
Voy a entrar en política.;I'm going to enter politics.
Estás buscando problemas.;You're looking for trouble.
Me apañaré.;I'll get by.
¿Te gusta la política?;Do you like politics?
Es la mejor forma de cambiar las cosas.;It's the best way to change things.
Cambiar las cosas no es tan fácil.;Changing things is not that easy.
Tengo una misión en la vida.;I have a mission in life.
Algún día dirigiré este país.;Someday I'll run this country.
No abandones.;Don't give up.
No des tu brazo a torcer.;Don't give in.
Asegúrate de que la gente te oiga.;Make sure the people hear you.
No te pongas nervioso.;Don't get nervous.
No pierdas la calma.;Don't lose your cool.
Trata de causar una buena impresión.;Try to give a good impression.
No dejes que te pongan nervioso.;Don't let them make you nervous.
Empieza el discurso con una anécdota.;Start the speech with an anecdote.
Si no se ríen, no te preocupes por ello.;If they don't laugh, don't worry about it.
Asegúrate de que tienes su atención.;Make sure you have their attention.
No mires a la misma persona todo el tiempo.;Don't look at the same person all the time.
Asegúrate de que tu voz llegue hasta el fondo del auditorio.;Make sure your voice reaches the back of the auditorium.
Aprende tu discurso de memoria.;Learn your speech by heart.
Memorízalo.;Memorise it.
No dejes que el micrófono te asuste.;Don't let the microphone scare you.
Tengo confianza en ti.;I have confidence in you.
Llámame una vez hayas terminado.;Call me once you've finished.
Seguiré tus consejos.;I'll follow your advice.
Deséame suerte.;Wish me luck.
No te defraudaré.;I won't disappoint you.
Espero que no.;I hope not.
¿Cuánto durará tu discurso?;How long will your speech last?
¿Cubre todos los temas?;Does it cover all the subjects?
Déjame que le eche un vistazo.;Let me have /take a look at it.
Es más corto de lo que creí.;It's shorter than I thought.
¿Por qué no incluyes algo acerca de las cifras de ventas?;Why don't you include something about the sales figures?
Se te ha olvidado mencionar las importaciones.;You've forgotten to mention the imports.
Te van a hacer muchas preguntas cuando termines.;They're going to ask you a lot of questions when you finish.
¿Podrás contestarlas?;Will you be able to answer them?
Procura dormir bien esta noche.;Try to sleep well tonight.
Me estoy haciendo viejo.;I'm getting old.
Ha hecho frío hoy.;It's been cold today.
Te acostumbrarás al frío.;You'll get used to the cold.
Él no me lo ha pagado todavía.;He hasn't paid me for it yet.
¿Cuánto le cobraste?;How much did you charge him?
Mis precios son bastante razonables.;My prices are quite reasonable.
Él no parece pensar así.;He doesn't seem to think so.
¿Quién lo metió en el agua?;Who put it in the water?
Sácalo ahora mismo.;Take it out right now.
Deberías estar avergonzado.;You should be ashamed.
Te estás comportando como un niño.;You're behaving like a child.
¿Te das cuenta de que tienes 14 años?;Do you realise you're 14 years old?
Él no es lo suficientemente alto para el puesto.;He's not tall enough for the job.
Sácate eso de la boca.;Take that out of your mouth.
Tíralo.;Throw it away.
No vuelvas a hacer eso nunca.;Don't ever do that again.
Seamos razonables.;Let's be reasonable.
Él es capaz de hacer las cosas más inesperadas.;He's capable of doing the most unexpected things.
Los alimentos están prohibidos aquí.;Food is prohibited here.
Ni siquiera se os permite hablar.;You're not even allowed to speak.
¿Nunca lo has probado?;Haven't you ever tried it?
Ha habido varias quejas.;There have been several complaints.
¿De qué se está quejando la gente?;What are the people complaining about?
Dicen que no tienen pan.;They say that don't have any bread.
Pues que coman tarta.;Then let them eat cake.
Va a haber una revolución.;There's going to be a revolution.
No mientras yo esté aquí.;Not as long as I'm here.
¿Qué vas a hacer para detenerlo?;What are you going to do to stop it?
¿Se ha puesto ya el sol?;Has the sun set yet?
El sol no salió ayer.;The sun didn't rise yesterday.
El sol siempre sale.;The sun always rises.
Estuve dormido todo el día.;I slept all day.
Estaban dormidos cuando entramos.;They were asleep when we entered.
¿No se despertaron?;Didn't they wake up?
Tuvimos cuidado de no hacer ruido.;We were careful not to make any noise.
Es demasiado tarde para hacer algo.;It's too late to do anything.
Nunca es demasiado tarde.;It's never too late.
Más vale tarde que nunca.;Better late than never.
Es muy viejo ese proverbio.;That proverb is very old.
El sujeto siempre va delante del verbo.;The subject always goes before the verb.
Su ausencia (de él) no fue notada.;His absence wasn't noticed.
No se dieron cuenta de que no estaba allí.;They didn't realise he wasn't there.
Pero ¡tenían que haberlo notado!;But they must have noticed it!
Esta es la última vez que lo voy a hacer.;This is the last time I'm going to do it.
¿Quién te va a reemplazar?;Who's going to replace you?
Ese no es mi problema.;That's not my problem.
Aún no se ha tomado ninguna decisión.;No decision has been made yet.
¿Se ha publicado ya?;Has it been published yet?
Ha habido un cambio.;There's been a change.
¿Ha habido de verdad un cambio?;Has there really been a change?
¿Se han instalado los cables?;Have the wires been installed?
No estoy cualificado para juzgar.;I'm not qualified to judge.
Tu juicio fue erróneo.;Your judgement was wrong.
No necesito tus consejos.;I don't need your advice.
¿Has estado en el médico?;Have you been to the doctor?
Los médicos no saben nada.;Doctors don't know anything.
Pero tendrás que confiar en ellos.;But you'll have to depend on them.
Debe de haber una forma mejor.;There must be a better way.
Debería haber más sillas.;There should be more chairs.
Tira todos esos papeles.;Throw all those papers away.
Pero me hacen falta.;But I need them.
Nos estamos acercando al final.;We're approaching the end.
Tu enfoque es, digamos, un poco extraño.;Your approach is, let's say, a little strange.
Lo que necesita esta compañía es juventud y vitalidad.;What this company needs is youth and vitality.
Lo que necesitamos es sentido común.;What we need is common sense.
No podrás levantarlo.;You won't be able to lift it.
No siempre es posible decir la verdad.;It's not always possible to tell the truth.
¿Es cierto que vas a dejarnos?;Is it true that you're going to leave us?
Si tuviera elección me quedaría.;If I had a choice, I'd stay.
Todos queremos que te quedes.;We all want you to stay.
Me estoy cansando de hacer listas.;I'm getting tired of making lists.
Me estoy acostumbrando a ello.;I'm getting used to it.
Me voy a casar pronto.;I'm going to get married soon.
Bájate del coche.;Get out of the car.
Bájate del autobús.;Get off the bus.
Súbete al autobús.;Get on the bus.
Súbete al coche.;Get into the car.
Enfermé durante el viaje.;I got ill during the trip.
Llegué de vuelta anoche.;I got back last night.
Me levanté temprano.;I got up early.
Él se desanimó.;He got discouraged.
Oscurece pronto en invierno.;It gets dark early in the winter.
El agua se pone caliente si la hierves.;Water gets hot if you boil it.
No te enfades.;Don't get angry.
No te pongas triste.;Don't get sad.
Me perdí en esa parte de la ciudad.;I got lost in that part of the city.
Se vistieron para la fiesta.;They got dressed for the party.
Se está nublando.;It's getting cloudy.
Si sales ahora te mojarás.;If you go out now you'll get wet.
Tu salud está empeorando.;Your health is getting worse.
Tu inglés está mejorando.;Your English is getting better.
Llegué a casa muy tarde.;I got home very late.
El perro se soltó.;The dog got loose.
Las cosas se están poniendo difíciles.;Things are getting difficult.
Se llevan muy bien.;They get along very well.
Ya superarás la enfermedad.;You'll get over the illness.
Él se puso bien rápidamente.;He got well quickly.
Estoy engordando.;I'm getting fat.
Me irrité cuando lo oí.;I got irritated when I heard it.
Llegaron al aeropuerto de noche.;They got to the airport at night.
Reunámonos todos en el bar.;Let's all get together in the bar.
Puedo apañarme con mi inglés.;I can get by with my English.
Él sabe lo suficiente para salir del paso.;He knows enough to get by.
¿Puedes conseguirme un lápiz?;Can you get me a pencil?
Quiero alejarme del ruido.;I want to get away from the noise.
¿Cuándo recibiste mi carta?;When did you get my letter?
¿Puedes conseguir que vengan aquí?;Can you get them to come here?
Tengo un secreto.;I've got a secret. / I have a secret.
Iré a por el libro.;I'll go and get the book.
No pude contactar con él por teléfono.;I couldn't get through to him.
Tenemos que hacer llegar esto a Correos.;We have to get this to the post office.
Seré despedido si hago eso.;I'll get fired if I do that.
Ponte en contacto conmigo lo antes posible.;Get in touch with me as soon as possible.
Estoy envejeciendo.;I'm getting old.
Tardo mucho en prepararme para el trabajo cada mañana.;It takes me a long time to get ready for work every morning.
Este suelo se ensucia fácilmente.;This floor gets dirty easily.
Se enfriará si lo metes en la nevera.;It'll get cold if you put it in the refrigerator.
¡Lo hemos conseguido!;We did it!
Mi hijo consiguió buenas notas.;My son got good grades / marks.
Nunca ha habido nada como esto.;There's never been anything like this.
¿Se mandaron las fotos?;Were the pictures sent?
No se han mandado todavía.;They haven't been sent yet.
No iré a menos que vengas conmigo.;I won't go unless you come with me.
Si sigues las directrices, todo irá bien.;If you follow the guidelines, everything will turn out fine.
Nací en una ciudad grande.;I was born in a big city.
Ojalá hubiera nacido en una ciudad pequeña.;I wish I had been born in a small city.
Me crié en los barrios bajos.;I grew up in the slums.
Ojalá me hubiera criado en una zona mejor.;I wish I had grown up in a better area.
Nunca tuve muchos amigos.;I never had many friends.
Ojalá hubiera tenido más amigos.;I wish I had had more friends.
Mi familia fue pobre.;My family was poor.
Ojalá mi familia hubiera sido rica.;I wish my family had been rich.
Murió mi padre cuando yo era joven.;My father died when I was young.
Ojalá no hubiera muerto tan pronto.;I wish he hadn't died so soon.
Mi primer trabajo no me pagaba bien.;My first job didn't pay me well.
Ojalá me hubiera pagado mejor.;I wish it had paid me better.
Seguía cambiando de trabajo.;I kept changing jobs.
Ojalá pudiera haberme quedado en un trabajo.;I wish I could've kept a job.
Nunca aprendí un oficio.;I never learned a trade.
Ojalá hubiera aprendido un oficio.;I wish I had learned a trade.
Conocí a Melinda.;I met Melinda.
Ojalá no la hubiera conocido.;I wish I hadn't met her.
Ella era hermosa.;She was beautiful.
Ojalá no hubiera sido tan hermosa.;I wish she hadn't been so beautiful.
Me casé con ella.;I married her.
Ojalá no hubiera cometido ese error.;I wish I hadn't made that mistake.
No tuvimos hijos.;We didn't have any children.
Ojalá hubiéramos tenido al menos uno.;I wish we had had at least one.
Odio vivir en apartamentos.;I hate living in apartments.
He intentado todo.;I've tried everything.
Los resultados son desalentadores.;The results are discouraging.
Más dinero no es lo que necesitamos.;More money is not what we need.
Se nos han agotado las ideas.;We've run out of ideas.
Nos hemos quedado sin gasolina.;We've run out of gasoline.
Me tropecé con Juan ayer.;I ran into John yesterday.
Aflójalo.;Loosen it.
Apriétalo.;Tighten it.
No le asustes.;Don't frighten him. (scare)
No me amenaces.;Don't threaten me.
Ensánchalo.;Widen it.
Enderézalo.;Straighten it.
Acórtalo.;Shorten it.
Alárgalo.;Lengthen it.
Ablándalo.;Soften it.
Endurécelo.;Harden it.
Debilítalo.;Weaken it.
Fortalécelo.;Strengthen it.
Afílalo.;Sharpen it.
No dejes que lo vean.;Don't let them see it.
La pimienta me hace estornudar.;Pepper makes me sneeze.
Gente así me pone enfermo.;People like that make me sick.
No me hagas reír.;Don't make me laugh.
No le oí decir nada.;I didn't hear him say anything.
No le vi hacer nada.;I didn't see him do anything.
No se hizo nada.;Nothing was done.
Nadie fue herido.;Nobody was hurt / injured.
Me dejaron marchar.;They let me go.
Me hicieron quedarme.;They made me stay.
Me dijeron que me tumbara en el sofá.;They told me to lie down on the couch.
Hice lo que me dijeron.;I did what they told me.
Hice lo que dijeron.;I did what they said.
Me quedé dormido.;I fell asleep.
Me obligaron a mantenerme despierto.;They made me stay awake.
No pude mantener los ojos abiertos.;I couldn't keep my eyes open.
Me trataron muy mal.;They treated me very badly.
No me dejaron salir de la casa.;They didn't let me leave the house.
No me dejaron hacer nada.;They didn't let me do anything.
No me dejaron hacer la cama.;They didn't let me make the bed.
Ha ocurrido algo terrible.;Something terrible has happened.
Poca gente sabe mi nombre real.;Few people know my real name.
¿Por qué no me han informado?;Why haven't they informed me?
Te vas a arrepentir de esto.;You're going to regret this.
Ya estoy empezando a arrepentirme de ello.;I'm already starting to regret it.
Él perdona pero no olvida.;He forgives but he doesn't forget.
¿Cómo es tu nuevo vestido?;What's your new dress like?
¿Qué aspecto tenía él cuando llegó allí?;What did he look like when he got there?
¿Cuánto tiempo llevabas esperando?;How long had you been waiting?
¿Te habían dicho que no iban a ir?;Had they told you they weren't going to go?
No hay esperanza.;There's no hope.
No pierdas la esperanza.;Don't lose hope.
No te des por vencido.;Don't give up.
Sigue luchando.;Keep fighting.
No des el brazo a torcer.;Don't give in.
Algún día ganarás, ya verás.;Someday you'll win, you'll see.
La vida no es un lecho de rosas.;Life isn't a bed of roses.
No todo sale bien.;Not everything turns out well.
Todos tenemos problemas como los tuyos de vez en cuando.;We all have problems like yours from time to time.
Tienes que seguir adelante.;You have to keep going.
Tienes mucha vida por delante.;You have a long life ahead of you.
No la desperdicies.;Don't waste it.
Vendrán otras oportunidades.;Other opportunities will come (along).
Créeme. Sé lo que estoy diciendo.;Believe me. I know what I'm saying.
No olvides mis consejos.;Don't forget my advice.
Quiero que tengas esto.;I want you to have this.
Guárdalo vayas donde vayas.;Keep it wherever you go.
Contiene unas ideas muy interesantes.;It contains some very interesting ideas.
Espero volver a verte algún día.;I hope to see you again someday.
Ten en cuenta todo lo que te he dicho.;Keep in mind everything I've told you.
Puede que tengas razón.;You may be right.
Eres un caso perdido.;You're a lost case.
¿Por qué dices eso?;Why do you say that?
Tu mesa de trabajo es un desorden.;Your desk is a mess.
Así que crees que soy desordenado.;So you think I'm messy.
Eso es.;That's right.
Pero soy más eficaz que tú.;But I'm more effective than you are.
Tengo serias dudas.;I have serious doubts.
¿Cuánto quieres apostar?;How much do you want to bet?
No soy jugador.;I'm not a gambler.
¿Cuál es la diferencia entre eficaz y eficiente?;What's the difference between effective and efficient?
Matar a una mosca con un cañón es muy eficaz, ¿no crees?;Killing a fly with a cannon is very effective, don't you think?
¿Lo consideras una forma eficiente de eliminar moscas?;Do you consider it an efficient way to eliminate flies?
Ahí tienes la diferencia.;There you have the difference.
Él no durará mucho en ese puesto.;He won't last long in that job.
Beethoven fue el último de 13 hijos.;Beethoven was the last of 13 children.
La madre no quería el niño.;The mother didn't want the child.
Menos mal que sobrevivió.;It's a good thing he survived.
Tú sabes mucho.;You know a lot.
Mucho más de lo que puedas imaginar.;Much more than you can imagine.
Hay problemas que resolver.;There are problems to solve.
Hay cartas que escribir.;There are letter to write.
Hay trabajo que hacer.;There's work to do.
¿Qué haces para matar el tiempo?;What do you do to kill time?
No mucho.;Not much.
Depende de los tipos de interés.;It depends on the interest rates.
¿Crees que van a subir?;Do you think they're going to go up?
Las autoridades quieren bajarlos.;The authorities want to lower them.
¿Pueden?;Can they?
Tienen bastante poder.;They have quite a lot of power.
¿Tienen que consultarse los bancos?;Do the banks have to be consulted?
No necesariamente.;Not necessarily.
Es un hombre muy educado.;He's a very polite man.
Él tiene muy buena formación.;He has a very good education.
Recibí una formación francesa.;I received a French education.
Fui formado por los ]esuitas.;I was educated by the Jesuits.
Están en todas partes.;They're everywhere.
Están donde menos te los esperas.;They're where you least expect them.
Tendrás que razonar con él.;You'll have to reason with him.
La economía va de mal en peor.;The economy's getting worse and worse.
Daré mi reino por un buen economista.;I'll give my kingdom for a good economist.
No los hay.;There aren't any.
Son como los gitanos que te leen la palma.;They're like the gypsies who read your palm.
No te sigo.;I don't follow you.
Casi nunca aciertan en sus pronósticos.;They're hardly ever right in their forecasts.
No los hago caso.;I don't pay any attention to them.
Juegan un papel muy importante.;They plan a very important role.
La sociedad no los necesita.;Society doesn't need them.
¿Desde cuándo eres la portavoz de la sociedad?;Since when are you the spokesman for society?
Mi experiencia abarca muchos años.;My experience covers many years.
Pues no te ha enseñado nada.;Well it hasn't taught you anything.
¿No estás cansado de tantas listas?;Aren't you tired of so many lists?
Por supuesto que sí.;Of course I am.
Entonces ¿por qué no haces otra cosa?;Then why don't you do something else?
¿Como qué?;Like what?
Como tocar la guitarra, por ejemplo.;Like playing the guitar, for example.
Eso no ayuda a que la gente aprenda inglés.;That doesn't help people learn English.
A lo mejor, pero es mucho más ameno.;Maybe not, but it's much more pleasant.
¿Así que no te gustan mis listas?;So you don't like my lists?
Yo no dije eso.;I didn't say that.
No me mientas.;Don't lie to me.
En mi vida te he mentido.;I've never lied to you in my life.
Entonces ¿qué es lo que no te gusta de mis listas?;Then what is it you don't like about my lists?
No es que no me gusten.;It's not that I don't like them.
¿Te importaría hablar más claro?;Would you mind speaking more clearly?
Si quieres saber la verdad, te la diré.;If you want to know the truth, I'll tell you.
Son demasiado largas.;They're too long.
Eres demasiado exigente.;You're too demanding.
Se tarda demasiado en hacer cada lista.;It takes too long to do each list.
Hay demasiada repetición.;There's too much repetition.
Hay demasiadas listas.;There are too many lists.
Esperas demasiado de tus alumnos.;You expect too much from your students.
¿Algo más?;Anything else?
De momento, no.;For the moment, no.
Entonces, déjame continuar con mis listas.;Then let me continue with my lists.
Siento pena por tus alumnos.;I feel sorry for your students.
Los vas a volver locos.;You're going to drive them crazy.
Deja que yo me preocupe por eso.;Let me worry about that.
Yo antes creía en tu sistema.;I used to believe in your system.
Antes seguía todos tus consejos.;I used to follow all your advice.
Pero ya no.;But not anymore.
Te crees muy listo.;You think you're really smart.
Podría enseñarte unas cuantas cosas.;I could teach you a few things.
Algún día te darás cuenta de tu error.;Someday you'll realise your mistake.
Yo nunca cometo errores.;I never make mistakes.
Estás cometiendo uno ahora mismo.;You're making one right now.
Estás intentando provocarme.;You're trying to provoke me.
Estás muy orgulloso de ti mismo.;You're very proud of yourself.
Estoy orgulloso de mis logros.;I'm proud of my achievements.
Has logrado muy poco.;You've achieved very little.
He logrado enfadarte.;I've managed to make you angry.
Tú no sabes enfadarme.;You don't know how to make me angry.
Eso es lo que tú crees.;That's what you think.
Cambiemos de tema.;Let's change the subject.
Él logró estropear todo.;He managed to ruin everything.
Conseguí el objetivo.;I achieved the objective.
Conseguí alcanzar el objetivo.;I managed to achieve the objective.
¿Quién llevará a cabo esta tarea?;Who'll carry out this task?
Nadie quiere.;Nobody wants to.
Entonces habrá que hacer algo.;Then something will have to be done.
Eres un jefe duro.;You're a tough boss.
No discutamos hoy.;Let's not argue today.
Deberías añadir un poco más de sal.;You should add a little more salt.
Pero ya está salada.;But it's already salty.
Como sal sólo con mariscos.;I eat salt only with shellfish.
El juicio no durará mucho.;The trial won't last long.
Al juez no le gustan los juicios largos.;The judge doesn't like long trials.
Menos mal.;It's a good thing.
Algunos juicios parecen durar eternamente.;Some trials seem to last forever.
No los de este juez.;Not this judge's.
Eso es un consuelo.;That's a consolation.
Hay mucho papeleo.;There's a lot of paperwork.
Llevan tres meses casados.;They've been married for three months.
Se están acostumbrando el uno a la otra.;They're getting used to each other.
Se están hablando.;They're talking to each other.
No me acostumbré a la vida de casado.;I didn't get used to married life.
Hay cosas más fáciles en la vida.;There are easier things in life.
La vida tiene sus altibajos.;Life has its ups and downs.
Estoy deprimido.;I'm depressed.
Anímate, las cosas mejorarán.;Cheer up, things will get better.
Este lago nunca ha sido profundo.;This lake has never been deep.
Tengo conocimientos superficiales de ese tema.;I have superficial knowledge of that subject.
Hay petróleo en la superficie.;There's oil on the surface.
Puedes resbalar y hacerte daño.;You can slip and hurt yourself.
Es más fácil correr cuesta abajo que cuesta;It's easier to run downhill than uphill.
El bosque es muy espeso aquí.;The forest is very thick here.
Estás engordando últimamente.;You've been gaining weight lately.
Es la mujer más hermosa que jamás he visto.;She's the most beautiful woman I've ever seen.
¿Me la puedes presentar?;Can you introduce her to me?
Quisiera presentarte a Juan.;I'd like to introduce you to John.
Le gustas pero es muy tímido.;He likes you but he's very shy.
¿Qué quieres que le diga? (a él);What do you want me to say to him?
Lo que sea.;Anything.
¿Cómo puede un chico como él ser tan tímido?;How can a boy like him be so shy?
Y además, no es nada feo.;And besides, he's not ugly at all.
De hecho, es justo mi tipo.;In fact, he's just my type.
Le diré que venga aquí.;I'll tell him to come here.
Mi hermana quiere hablar contigo.;My sister wants to talk to you.
¿Sobre qué?;About what?
No seas tonto, le gustas.;Don't be silly, she likes you.
Pero no sé qué decirle.;But I don't know what to say to her.
No te preocupes, ella es muy charlatana.;Don't worry, she's very talkative.
Y además, es Inofensiva.;And besides, she's harmless.
No muerde.;She doesn't bite.
Pero no tenemos nada en común.;But we don't have anything in common.
¿Está buscando marido?;Is she looking for a husband?
Lo dudo.;I doubt it.
Venga, invítala al cine.;Come on, invite her to the movies.
Pero no sé qué clase de películas le gustan.;But I don't know what kind of movies she likes.
Le da igual.;She doesn't care.
Necesito tu apoyo moral.;I need your moral support.
No hay por qué preocuparse.;There's no need to worry.
No funciona nada en este país.;Nothing works in this country.
Él está en camino.;He's on his way.
¿Cuánto tiempo dura el curso?;How long does the course last?
¿Has solicitado la beca?;Have you applied for the scholarship?
Somos amigos desde hace un año.;We've been friends for a year.
Hemos creado una sociedad.;We've formed a company.
Tenemos que darle un nombre.;We have to give it a name.
Tendrás que invertir cierta cantidad en dinero.;You'll have to invest a certain amount of money.
Te daremos acciones.;We'll give you shares.
Serás en parte dueño de esto.;You'll be part owner of this.
¿Estás dispuesto a invertir?;Are you willing to invest?
Queremos dinero en metálico.;We want cash.
Echa la carta al correo.;Mail the letter.
No se te olvide el remite.;Don't forget the return address.
El cielo está empezando a despejarse.;The sky's starting to clear up.
La póliza ha caducado.;The policy has expired.
¿Vas a renovarla?;Are you going to renew it?
¿Para qué?;What for?
Ojalá supiera más inglés.;I wish I knew more English.
Ojalá tuviera más dinero.;I wish I had more money.
Ojalá pudiera convencerle.;I wish I could convince him.
Espero que llueva esta tarde.;I hope it rains this afternoon.
Ráscame la espalda.;Scratch my back.
Tengo un terrible dolor de muela.;I have a terrible toothache.
Cruzaremos ese puente cuando lleguemos a él.;We'll cross that bridge when we get to it.
No me arrepiento de nada de lo que he hecho.;I don't regret anything I've done.
Llámame cuando quieras.;Call me whenever you want.
No quiero que estés triste.;I don't want you to be sad.
Me dijeron que ya te habías ido.;They told me you'd already left.
Te aplastaremos.;We'll crush you.
El perro enterró el hueso.;The dog buried the bone.
El entierro fue por la mañana.;The burial was in the morning.
Fueron arrestados y llevados al juzgado.;They were arrested and taken to court.
El juez no apareció.;The judge didn't show up.
Estuvimos esperando media hora.;We waited for half an hour.
La mercancía no ha sido aún embarcada.;The goods haven't been shipped yet.
Hay un retraso en el embalaje.;There's a delay in the packaging.
Nuestros trabajadores están en huelga desde hace más de un mes.;Our workers have been on strike for more than a month.
No hemos llegado a un acuerdo.;We haven't reached an agreement.
Hasta que esto no se resuelva, no podemos prometer nada.;Until this is resolved (solved), we can't promise anything.
¿Qué sugieres que hagamos?;What do you suggest we do?
Deberías ser más flexible.;You should be more flexible.
Pero llevo 5 años siendo flexible y mira lo que ha pasado.;But I've been flexible for 5 years and look at what's happened.
No es culpa tuya.;It's not your fault.
Entonces ¿de quién es la culpa?;Then whose fault is it?
No deberías echar la culpa a nadie.;You shouldn't blame anyone.
No necesito tus consejos.;I don't need your advice.
Entonces ¿por qué me has contratado?;Then why have you hired me?
Realmente no lo sé.;I really don't know.
Fueron advertidos del peligro.;They were warned of the danger.
Más vale que te vayas, porque sino...;You'd better leave because otherwise...
¿Me estás amenazando?;Are you threatening me?
Más vale que sigas mi consejo.;You'd better follow my advice.
Lo compré de segunda mano.;I bought it second hand.
Siempre te estás quejando del calor.;You're always complaining about the heat.
No debías haber venido aquí.;You shouldn't have come here.
Está sonando el teléfono.;The telephone's ringing.
Yo lo cojo.;I'll get it.
¿Para quién es?;Who's it for?
Era un número equivocado.;It was the wrong number.
Una secretaria debe ser educada.;A secretary should be polite.
También debe ser agradable y amable.;She should also be pleasant and friendly.
Sobre todo, debe ser puntual y justa.;Above all, she should be punctual and fair.
Debe saber doblar cartas.;She should know how to fold letter.
Debe saber tomar recados.;She should know how to take messages.
Debe saber mecanografía y taquigrafía.;She should know typing and shorthand.
Tus informes deberían ser concisos.;Your reports should be concise.
Has tenido mucha suerte.;You've been very lucky.
¿Cuántos años tenías cuando eso pasó?;How old were you when that happened?
Siento que no pudieras quedarte.;I'm sorry you couldn't stay.
Te acostumbrarás a mi estilo.;You'll get used to my style.
Ya estoy acostumbrado a ello.;I'm already accustomed to it.
Luché por todo lo que conseguí.;I fought for everything I got.
Huele a flores.;It smells like flowers.
Ponió encima de esto.;Put it on top of this.
Ella lleva siempre mucho maquillaje.;She always wears a lot of makeup.
Siempre tengo que recordarle que se afeite.;I always have to remind him to shave.
Es muy olvidadizo.;He's very forgetful.
Es de los pocos hombres que llevan sombrero.;He's one of the few men who wear a hat.
¿Se burlan sus amigos de él?;Do his friends make fun of him?
Creo que no.;I don't think so.
Parecen ser bastante majos.;They seem to be pretty nice.
¿Qué impresión sacaste tú?;What impression did you get?
Tienes que causar una buena impresión.;You have to make a good impression.
No causaste buena impresión.;You didn't make a good impression.
No lo puedo aguantar.;I can't stand it.
Algo tiene que hacerse.;Something has to be done.
¿Qué esperas trabajando para un hombre como él?;What do you expect working for a man like him.
¿Desde cuándo paga bien a su gente?;Since when does he pay his people well?
Te advertí que no aceptaras su oferta.;I warned you not to accept his offer.
Pero no me hiciste caso.;But you didn't pay any attention to me.
Ahora estás sufriendo las consecuencias;Now you're suffering the consequences.
Su muerte afectó a todos aquí.;His death affected everyone here.
Parecía un hombre tan sano.;He seemed like such a healthy man.
Dejó una herencia a su esposa.;He left an inheritance to his wife.
Estoy agotado.;I'm exhausted.
¿Por qué no te tomas estas pastillas?;Why don't you take these pills?
No sé tragar pastillas.;I don't know how to swallow pills.
Eres un poco raro ¿no?;You're a little strange, aren't you?
Han llegado a una conclusión final.;They've reached a final conclusion.
Han decidido vender el negocio.;They've decided to sell the business.
Tienen que pagar a sus acreedores.;They have to pay their creditors.
Tienen muchas deudas.;They have a lot of debts.
Deben millones a los bancos.;They owe millions to the banks.
Nadie les dará un préstamo ahora.;No one will give them a loan now.
Es muy arriesgado invertir ahora.;It's very risky to invest now.
La mano de obra es cara.;Manpower is expensive.
Los bancos se niegan a prestar dinero.;Banks refuse to lend money.
Nadie quiere ahorrar.;Nobody wants to save.
El paro está subiendo.;Unemployment is increasing.
El gasto público es demasiado alto.;Public spending is too high.
No me hables de economía.;Don't talk to me about economics.
La economía está más allá de nuestro control.;The economy is beyond our control.
¿Cuántas listas nos quedan?;How may lists do we have left?
Ninguna.;None.
¿Quieres decir que ésta es la última?;Do you mean this is the last one?
La última de momento.;The last one for the moment.
¿Qué quieres decir 'de momento'?;What do you mean 'for the moment'?
Habrá más libros.;There will be more books.
¿Qué contendrán?;What will they contain?
Estarán llenos de gramática compleja.;They'll be full of complex grammar.
¿Qué más?;What else?
Habrá vocabulario nuevo.;There will be new vocabulary.
¿Cuándo estarán listos?;When will they be ready?
No te lo puedo decir todavía.;I can't tell you yet.
¿Me guardarás una copia?;Will you save a copy for me?
Si eso es lo que quieres.;If that's what you want.
¿Cuánto cobrarás por cada libro?;How much will you charge for each book?
Serán gratis.;They'll be free.
Eso es muy considerado por tu parte.;That's very considerate of you.
¿Qué estamos esperando?;What are we waiting for?
Él te puede asesorar sobre esto.;He can advise you on this.
Yo agradecería mucho tu ayuda.;I'd appreciate your help very much.
Quiero prorrogar el plazo.;I want to extend the deadline.
La experiencia me ha enseñado todo lo que sé.;Experience has taught me everything I know.
Tengo reuniones diarias y semanales.;I have daily and weekly meetings.
Recibo un informe mensual y anual.;I receive a monthly and yearly report.
Presto mucha atención a las cifras.;I pay a lot of attention to the figures.
Animo a mi gente a hacer un esfuerzo.;I encourage my people to make an effort.
Trato de ser justo en todo momento.;I try to be fair at all times.
Tengo mis fallos como todos.;I have my faults like everyone else.
Una cosa que no hago es perder el tiempo.;One thing I don't do is to waste time.
He tardado mucho en aprender a usar mi tiempo inteligentemente.;It's taken me a long time to learn how to use my time wisely.
¿Cuántas frases me quedan?;How many sentences do I have left?
Casi has terminado.;You're almost finished.
Celebremos el acontecimiento.;Let's celebrate the event.
Estoy harto de tantas listas.;I'm fed up with so many lists.
Debe de haber una forma más sencilla.;There must be a simpler way.
Aprender un idioma es realmente duro.;Learning a language is really tough.
